Movement,Name,Artist,Date,Medium,Overview,Context,Docent_CTA,Website Name and Links
Rococo,The Swing,Jean-Honoré Fragonard,c. 1767,Oil on Canvas,"Created around 1767, Jean-Honoré Fragonard’s oil on canvas masterpiece, The Swing, epitomizes the Rococo era’s shift from rigid Baroque classicism toward aristocratic hedonism and private pleasure.","The title of this painting is The Swing. The artist who created this artwork is Jean-Honoré Fragonard. This painting belongs to the Rococo movement and era. The medium of this artwork is Oil on Canvas. The subject of the painting features a young woman or girl on a swing. Created around 1767, Jean-Honoré Fragonard’s oil on canvas masterpiece, The Swing, epitomizes the Rococo era’s shift from rigid Baroque classicism toward aristocratic hedonism and private pleasure. During this period, Fragonard pivoted from history painting to lucrative private commissions, capturing the libertine spirit of pre-revolutionary France. The composition features a young woman in a luminous, peachy-pink silk dress, suspended in mid-air amidst a lush, overgrown garden that symbolizes fertility and untamed nature. The painting was commissioned by the Baron de Saint-Julien, who requested a depiction of his mistress. To the right, an older man—likely her unwitting husband or a clergyman—pulls the swing’s ropes from the shadows. To the left, the Baron himself hides in the shrubbery, receiving a voyeuristic view up the lady’s skirts as she kicks off a slipper toward a statue of Cupid. This statue, Falconet’s L’Amour menaçant, holds a finger to its lips, signaling the conspiracy of silence surrounding the illicit affair. Fragonard employs delicate, ""feathered"" brushwork and a soft pastel palette of mint greens and pale roses to enhance the sense of movement and frivolity. Beneath the surface, the inclusion of a yapping lapdog—a traditional symbol of fidelity—acts as a neglected alarm, while the swirling, asymmetrical foliage creates a dizzying atmosphere of ""tremulous excitement,"" embodying the era’s fascination with romantic intrigue and the fleeting nature of sensation.","The statues in this garden seem half-alive, witnessing a scandalous arrangement that the husband in the shadows cannot see. Shall we uncover the secret signals hidden in the lady’s flight?","References:
Britannica
Website Link: https://www.britannica.com/topic/The-Swing-painting-by-Fragonard

The Wallace Collection
Website Link: https://www.wallacecollection.org/explore/explore-in-depth/fragonards-the-swing/"
Rococo,The Declaration of Love,Jean-François de Troy,c. 1731,Oil on Canvas,"Painted in 1731 utilizing the medium of oil on canvas, Jean-François de Troy’s The Declaration of Love perfectly encapsulates the genesis of the tableaux de mode, a genre he essentially invented.","The title of this painting is The Declaration of Love. The artist who created this artwork is Jean-François de Troy. This painting belongs to the Rococo movement and era. The medium of this artwork is Oil on Canvas. The subject of the painting features a man and a woman in courtship. Painted in 1731 utilizing the medium of oil on canvas, Jean-François de Troy’s The Declaration of Love perfectly encapsulates the genesis of the tableaux de mode, a genre he essentially invented. At this juncture in his career, de Troy was a highly successful academician in Paris, rivaling contemporaries like Watteau by catering directly to the aristocratic appetite for intimate, contemporary genre scenes rather than grand historical narratives. The composition masterfully exemplifies the burgeoning French Rococo style, characterized by its meticulous rendering of opulent textures, particularly the shimmering silks and satins of the fashionable garments, achieved through a vibrant, luminous palette and delicate brushwork. The interior setting frames a graceful, asymmetrical interaction between the suitor and the seated lady, capturing a suspended moment of aristocratic courtship. Beyond its decorative appeal, the painting serves as a crucial socio-historical document of eighteenth-century French elite society, illustrating a paradigm shift toward private, leisurely indulgence and subtle eroticism over public grandeur. The specific architectural and sartorial details act as status markers, while nuanced elements, such as the lady’s coy posture and the plush, intimate environment, betray a highly orchestrated theatricality. This canvas not only highlights de Troy’s technical brilliance but also solidifies his legacy in chronicling the refined, albeit frivolous, mores of his generation with profound psychological acuity and unparalleled visual splendor.",The opulent fabrics and casual elegance in this room mask a highly calculated social performance. Would you like to decode the subtle theatricality and hidden status markers woven into this seemingly innocent proposal?,"Reference: DailyArt Magazine
Website Link: https://www.dailyartmagazine.com/masterpiece-story-declaration-of-love-by-jean-francois-de-troy/"
Rococo,The Meeting,Jean-Honoré Fragonard,c. 1771–1773,Oil on Canvas,"Created between 1771 and 1773, Jean-Honoré Fragonard’s The Meeting is the second movement in The Progress of Love cycle, commissioned by Madame du Barry for her Louveciennes pavilion.","The title of this painting is The Meeting. The artist who created this artwork is Jean-Honoré Fragonard. This painting belongs to the Rococo movement and era. The medium of this artwork is Oil on Canvas. The subject of the painting features a young man and woman secretly meeting. Created between 1771 and 1773, Jean-Honoré Fragonard’s The Meeting is the second movement in The Progress of Love cycle, commissioned by Madame du Barry for her Louveciennes pavilion. At this career zenith, Fragonard moved away from rigid history painting to embrace the hedonistic, private patronage of the French aristocracy. The composition utilizes a theatrical, V-shaped structure where a young suitor scales a garden wall to reach his lover, their surprised, stagelike poses suggesting a clandestine rendezvous inspired by contemporary ballet. Beneath a towering statue of Venus and Cupid—the former seizing the latter’s arrows to symbolize love’s power—the couple is enveloped by an unruly, surging garden. Fragonard’s technique features fluid, feathery brushwork and a luminous pastel palette, characterizing the peak of the Rococo style. The dense, vertiginous foliage serves as a potent metaphor for the ""wildness"" of youthful passion, contrasting the controlled artifice of court life. Historically, the work was controversially rejected by Du Barry, likely because its exuberant Rococo aesthetic clashed with the emerging Neoclassical architecture of her pavilion, or due to a perceived scandalous resemblance between the lovers and King Louis XV and Du Barry herself. This rejection marked a turning point in Fragonard's career, as the shifting tides of French taste began to favor the moralizing sobriety of the coming Revolution over such unapologetic displays of aristocratic pleasure.",The statue of Venus above the lovers holds a secret about the fate of their romance that most viewers overlook. Would you like to explore how Fragonard used hidden sculptural cues to predict the ending of this love story?,"References:
Framed Canvas Art
Website Link: https://www.framedcanvasart.com/jean-honore-fragonard-the-progress-of-love-the-meeting-1771-3 

Artsy
Website Link: https://www.artsy.net/artwork/jean-honore-fragonard-the-meeting-from-the-loves-of-the-shepherds "
Renaissance,Mona Lisa,Leonardo da Vinci,c. 1503–1506,Oil on White Poplar Wood Panel,"Painted between c. 1503 and 1506, Leonardo da Vinci’s ""Mona Lisa"" is an oil on poplar panel masterpiece that epitomizes the High Renaissance's intellectual depth.","The title of this painting is Mona Lisa. The artist who created this artwork is Leonardo da Vinci. This painting belongs to the Renaissance movement and era. The medium of this artwork is Oil on White Poplar Wood Panel. The subject of the painting is a woman named Lisa Gherardini. Painted between c. 1503 and 1506, Leonardo da Vinci’s ""Mona Lisa"" is an oil on poplar panel masterpiece that epitomizes the High Renaissance's intellectual depth. At this stage, Leonardo was deeply immersed in anatomical dissections and hydrological studies in Florence, interests that fundamentally shaped the portrait’s organic realism. The composition utilizes a revolutionary pyramidal structure, positioning Lisa Gherardini with a sense of monumental stability. Leonardo’s signature sfumato technique—the delicate, smoky blurring of edges—eliminates harsh outlines, allowing the subject’s enigmatic expression to shift depending on the viewer's focal point. The background features an imaginary, rugged landscape with winding paths and bridges, executed through aerial perspective to create atmospheric depth. This backdrop serves as a macrocosmic reflection of the human body, symbolizing the cosmic bridge between man and nature. Historically, the painting departs from traditional profile portraits, opting for a three-quarter view that invites psychological engagement. Hidden within the work are Leonardo’s deep insights into the ""motions of the mind,"" where subtle muscular tensions around the mouth and eyes suggest a living, breathing presence. Through successive layers of ultra-fine glazes, Leonardo achieved a luminosity that transcends the material medium. The work serves as a philosophical treatise on the divine vitality of the earth and the internal complexity of the human soul, remaining the artist's most cherished, personal possession until his death.",Leonardo’s obsession with optics and anatomy created an expression that seems to change before your very eyes. Would you like to explore the hidden geometry and landscape symbols that tie this woman to the earth itself?,"Britannica
Website Link: https://www.britannica.com/topic/Mona-Lisa-painting"
Renaissance,The Creation of Adam,Michelangelo,c. 1508–1512,Fresco,"Painted c. 1508–1512, Michelangelo’s ""The Creation of Adam"" is a cornerstone of High Renaissance art, executed in the demanding medium of buon fresco.","The title of this painting is The Creation of Adam. The artist who created this artwork is Michelangelo. This painting belongs to the Renaissance movement and era. The medium of this artwork is Fresco. The subject of the painting features a man, specifically Adam, and God. Painted c. 1508–1512, Michelangelo’s ""The Creation of Adam"" is a cornerstone of High Renaissance art, executed in the demanding medium of buon fresco. During this period, Michelangelo was under immense pressure from Pope Julius II, physically strained by the grueling overhead labor and harboring a deep preference for sculpture over painting. This sculptural sensibility manifests in the monumental, muscular anatomy of the figures, reflecting the artist’s absolute mastery of the human form. The composition is defined by a dynamic tension, centered on the near-touch of the fingers—a revolutionary departure from traditional iconography where God typically stands upon the ground. God is depicted within a billowing, celestial mantle, which many scholars, including physician Frank Meshberger, interpret as a precise cross-section of the human brain, symbolizing the gift of intellect alongside life. Adam reclines on a terrestrial slope, his posture echoing God’s, illustrating the concept of ""Imago Dei."" Behind God, the figures—potentially Eve or the Christ child—add layers of theological complexity. The work utilizes a vibrant palette and bold foreshortening to create a sense of movement and divine energy. Historically, the piece represents the height of Italian Humanism, placing man at the center of the spiritual universe. Michelangelo’s ""terribilità"" is evident in the expressive power of the encounter, bridging the gap between the earthly and the divine with unprecedented psychological intensity.",The mysterious shape surrounding God and his heavenly host has long been debated as a hidden anatomical map of the human mind. Would you like to investigate why Michelangelo might have concealed a brain in plain sight?,"Vatican Museums
Website Link: https://m.museivaticani.va/content/museivaticani-mobile/en/collezioni/musei/cappella-sistina/volta/creazione-di-adamo.html"
Renaissance,Lady with an Ermine,Leonardo da Vinci,c. 1489 - 1491,Oil on Walnut Panel,"Painted around 1489–1491 while Leonardo da Vinci was the court painter for Ludovico Sforza in Milan, Lady with an Ermine marks a revolutionary leap in Renaissance portraiture.","The title of this painting is Lady with an Ermine. The artist who created this artwork is Leonardo da Vinci. This painting belongs to the Renaissance movement and era. The medium of this artwork is Oil on Walnut Panel. The subject of the painting is a young woman or girl holding an ermine. Painted around 1489–1491 while Leonardo da Vinci was the court painter for Ludovico Sforza in Milan, Lady with an Ermine marks a revolutionary leap in Renaissance portraiture. The subject is Cecilia Gallerani, Ludovico’s young mistress, celebrated for her intellect and poetic talent. Leonardo breaks the traditional profile mold by utilizing a ""contrapposto"" pose, where Cecilia’s body turns left while her gaze shifts right, suggesting a sudden distraction that gives the piece an unprecedented sense of psychological life. The ermine she cradles is a multi-layered symbol: it refers to Ludovico, who was a member of the Order of the Ermine, and alludes to Cecilia’s own surname (gale being Greek for ermine). Furthermore, the animal represents purity and moderation, as legend claimed it would rather die than soil its white coat. Leonardo’s mastery of sfumato is evident in the soft transitions around her features, while his anatomical precision shows in the muscular detail of the ermine’s paw and Cecilia’s long, expressive fingers. Though the background was later overpainted in black, the original composition featured a more atmospheric space. The painting serves as a subtle political and romantic manifesto, capturing the complex power dynamics of the Milanese court through the quiet, alert tension between the woman and the predator she gently restrains.",The ermine isn't just a pet; it is a coded message about power and a scandalous secret lover. Shall we decode the hidden puns Leonardo placed within these brushstrokes?,"References:
Google Arts & Culture
Website Link: https://artsandculture.google.com/asset/lady-with-an-ermine-leonardo-da-vinci/HwHUpggDy_HxNQ?hl=en

LeonardoDaVinci net
Website Link: https://www.leonardodavinci.net/lady-with-an-ermine.jsp"
Surrealism,The Burning Giraffe,Salvador Dalí,1937,Oil on Panel,"Painted in 1937 in oil on panel, The Burning Giraffe stands as Salvador Dalí’s profound psychological response to the devastating Spanish Civil War, created during his exile in Austria.","The title of this painting is The Burning Giraffe. The artist who created this artwork is Salvador Dalí. This painting belongs to the Surrealism movement and era. The medium of this artwork is Oil on Panel. The subject of the painting features a woman with drawers opening from her leg. Painted in 1937 in oil on panel, The Burning Giraffe stands as Salvador Dalí’s profound psychological response to the devastating Spanish Civil War, created during his exile in Austria. While Dalí declared himself apolitical, this surrealist masterpiece captures the existential dread of the era. The composition is dominated by two towering, faceless female figures in a desolate twilight landscape. The primary figure, rendered with painstaking, hyper-realistic precision characteristic of Dalí’s paranoiac-critical method, features a series of open drawers protruding from her left leg and chest. These drawers, heavily inspired by the psychoanalytical theories of Sigmund Freud, symbolize the hidden subconscious desires and suppressed traumas inherent in the human psyche, which can only be unlocked through psychoanalysis. Both elongated women are propped up by intricate, fragile phallic crutches, a recurring Dalinian motif representing the crippling weakness and vulnerability of society, as well as the artificial supports required to maintain human sanity. In the distant background, the titular burning giraffe stands aflame, oblivious to its own destruction. Dalí described this creature as the ""masculine cosmic apocalyptic monster,"" serving as a terrifying premonition of the impending global conflict of World War II. The striking juxtaposition of the serene, classical drapery against the grotesque, peeling flesh and the apocalyptic fires perfectly encapsulates the psychological rupture of 1930s Europe, transforming personal neuroses into a universal historical warning.","The strange drawers protruding from the woman's flesh are designed to unlock a very specific, psychoanalytical trauma mapped out by Dalí. Shall we examine what these strange compartments are trying to conceal?","References:

DaliPaintings
Website Link:
dalipaintings.com/the-burning-giraffe.jsp

Art in Context
Website Link:
https://artincontext.org/the-burning-giraffe-by-salvador-dali/"
Surrealism,The Persistence of Memory,Salvador Dalí,c. 1931,Oil on Canvas,"Painted in 1931, The Persistence of Memory is an oil on canvas masterpiece created during Salvador Dalí’s transition into a leading figure of the Surrealist movement.","The title of this painting is The Persistence of Memory. The artist who created this artwork is Salvador Dalí. This painting belongs to the Surrealism movement and era. The medium of this artwork is Oil on Canvas. The subject of the painting is a landscape featuring melting clocks. Painted in 1931, The Persistence of Memory is an oil on canvas masterpiece created during Salvador Dalí’s transition into a leading figure of the Surrealist movement. At this juncture, Dalí was deeply immersed in his ""paranoiac-critical"" method, a process designed to invoke systematic irrationality and self-induced hallucinations to access the unconscious mind. The composition features a desolate landscape based on the cliffs of Cape Creus in Catalonia, Dalí’s homeland, which provides a rigid backdrop to the fluid, uncanny elements in the foreground. Four pocket watches serve as the focal point; three are melting or ""soft,"" while a fourth remains hard but is swarmed by ants. This juxtaposition of hard and soft surfaces reflects Dalí’s preoccupation with the ""camembert of time""—an idea sparked by the sight of ripening cheese—symbolizing the collapse of cosmic order and the relative nature of time as proposed by Einsteinian physics. The central, anthropomorphic form draped over a rock is a distorted self-portrait, its closed eye suggesting a dream state where temporal logic dissolves. The ants and the fly on the watches act as vanitas symbols, representing decay, putrefaction, and the inevitable passage of mortality. Ultimately, the work functions as a psychological map of Dalí’s internal anxieties regarding impotence, death, and the fragile boundary between the physical world and the boundless realm of the subconscious.",Beyond the famous melting clocks lies a distorted self-portrait and cryptic symbols of biological decay that reveal Dalí’s deepest fears. Shall we deconstruct the surreal anatomy of this dreamscape together?,"References:
Britannica
Website Link: https://www.britannica.com/topic/The-Persistence-of-Memory 

MoMA
Website Link: https://www.moma.org/collection/works/79018 "
Surrealism,The Great War,René Magritte,c. 1767,Oil on Canvas,"Painted in 1964, René Magritte’s The Great War (La Grande Guerre) is a quintessential example of late-period Belgian Surrealism, created during a time when the artist was refining his exploration of the ""visible-invisible."" Magritte was.","The title of this painting is The Great War. The artist who created this artwork is René Magritte. This painting belongs to the Surrealism movement and era. The medium of this artwork is Oil on Canvas. The subject of the painting features a woman whose face is obscured by flowers. Painted in 1964, René Magritte’s The Great War (La Grande Guerre) is a quintessential example of late-period Belgian Surrealism, created during a time when the artist was refining his exploration of the ""visible-invisible."" Magritte was increasingly preoccupied with the frustration of the hidden, famously stating that everything we see hides another thing we want to see. This oil on canvas composition depicts a woman in an elegant, white Victorian-style gown standing before a stone wall overlooking a hazy, grey sea. Her face is almost entirely obscured by a floating, oversized purple violet, a motif that parallels the green apple used in The Son of Man. The contrast between the crisp, traditional dress and the irrational placement of the flower creates a jarring tension. Magritte utilizes a flat, deadpan technique—often described as ""objective"" or ""commercial""—to ground the surreal image in a disturbing reality. Historically, the title serves as a poignant irony; while ""The Great War"" typically refers to the physical brutality of global conflict, Magritte applies it to the internal struggle between the seen and the hidden. The violet acts as a shield, representing the masks individuals wear in polite society to hide their true identity or trauma. This composition forces the viewer to confront the psychological discomfort of an inaccessible subject, emphasizing the permanent mystery inherent in the human condition and the limitations of visual perception.","Why would a blooming flower be used to represent the concept of a ""Great War""? We can explore the tragic personal memory that Magritte might be hiding behind that violet.","References:
RenéMagritte org
Website Link: https://www.renemagritte.org/the-great-war.jsp

Arthive
Website Link: https://arthive.com/renemagritte/works/333434~The_great_war "
Realism,The Gleaners,Jean-François Millet,c. 1857,Oil on Canvas,"Completed in 1857, Jean-François Millet’s The Gleaners is an oil on canvas masterpiece that stands as a definitive pillar of the Realist movement.","The title of this painting is The Gleaners. The artist who created this artwork is Jean-François Millet. This painting belongs to the Realism movement and era. The medium of this artwork is Oil on Canvas. The subject of the painting features three peasant women working in a field. Completed in 1857, Jean-François Millet’s The Gleaners is an oil on canvas masterpiece that stands as a definitive pillar of the Realist movement. At the time of its creation, Millet had settled in Barbizon, living in self-imposed rural poverty to escape the political volatility of Paris following the 1848 Revolution. This personal immersion into peasant life informed the painting’s composition, which features three women stooped in a backbreaking rhythmic toil, set against a vast, golden horizon dominated by the abundant harvests of a wealthy landowner. Millet employs a sculptural technique, utilizing heavy, simplified forms and an earthy, muted palette that grants the figures a monumental dignity previously reserved for religious or mythological subjects. The deep meaning resides in the socio-economic commentary: gleaning was the ancient right of the poor to collect leftover scraps of wheat, representing the lowest rung of the social ladder. The contrast between the trio’s isolation and the bustling, prosperous activity in the hazy background subtly critiques the burgeoning class divide of 19th-century France. Hidden within the stoic poses is a subversion of academic norms; by placing the horizon line high, Millet traps the women within the earth they tend. Despite contemporary accusations of inciting ""socialist"" unrest, the work remains a profound meditation on human endurance and the sanctification of labor.",The specific positioning of these three women hides a deliberate social critique that scandalized the Parisian elite of 1857. Shall we examine how Millet used light and shadow to transform a simple harvest scene into a political statement?,"References:
TheHistoryOfArt
https://www.thehistoryofart.org/jean-francois-millet/gleaners/ 

Art Encyclopedia
Website Link: http://www.visual-arts-cork.com/paintings-analysis/gleaners-millet.htm "
Realism,The Stone Breakers,Gustave Courbet,1849,Oil on Canvas,"Completed in 1849, Gustave Courbet’s ""The Stone Breakers"" is a seminal oil on canvas work that definitively established the Realism movement in France.","The title of this painting is The Stone Breakers. The artist who created this artwork is Gustave Courbet. This painting belongs to the Realism movement and era. The medium of this artwork is Oil on Canvas. The subject of the painting features an older man and a young boy breaking stones. Completed in 1849, Gustave Courbet’s ""The Stone Breakers"" is a seminal oil on canvas work that definitively established the Realism movement in France. At this time, Courbet was deeply influenced by the socialist fervor following the 1848 Revolution, seeking to depict the unvarnished, brutal reality of the working class. The composition features two anonymous laborers—one young and one old—symbolizing the inescapable, grueling cycle of generational poverty. Courbet’s technique was revolutionary; he applied paint with a palette knife and stiff brushes to create a rough, tactile surface that mirrored the gritty, physical subject matter. Unlike traditional academic art, he avoided idealization, choosing to obscure the laborers' faces to emphasize their status as ""machines"" of toil rather than distinct individuals. The low horizon line and the looming hillside trap the figures within the frame, reflecting their bleak social entrapment. Every detail, from the tattered waistcoats and patched trousers to the coarse bread, serves as a factual, non-sentimental record of rural hardship. Historically, the painting’s massive scale—traditionally reserved for heroic history paintings—was a radical political statement that elevated the common man to a subject of high art. Although the original was destroyed in 1945 during the Allied bombing of Dresden, its legacy as a masterpiece of social critique remains a definitive turning point in Western art history, challenging the bourgeois standards and expectations of the mid-nineteenth century.","The faces of these laborers are hidden from view, yet their clothing and tools tell an exhaustive story of a life defined by stone. Shall we explore the hidden political messages Courbet embedded in these tattered rags and broken rocks?","The Metropolitan Museum of Art
Website Link: https://www.metmuseum.org/toah/hd/gust/hd_gust.htm
"
Realism,Woman Cleaning Turnips,Jean-Baptiste-Siméon Chardin,c. 1738–1740,Oil on Canvas,"Painted in 1738 and exhibited at the Paris Salon of 1739, Jean Siméon Chardin’s Woman Cleaning Turnips is a masterful oil on canvas that celebrates the quiet dignity of domestic life.","The title of this painting is Woman Cleaning Turnips. The artist who created this artwork is Jean-Baptiste-Siméon Chardin. This painting belongs to the Realism movement and era. The medium of this artwork is Oil on Canvas. The subject of the painting features a woman or maid performing a domestic chore. Painted in 1738 and exhibited at the Paris Salon of 1739, Jean Siméon Chardin’s Woman Cleaning Turnips is a masterful oil on canvas that celebrates the quiet dignity of domestic life. During this period, Chardin was enjoying royal patronage and critical acclaim, deliberately distancing himself from the frivolous grandeur of the Rococo style favored by his contemporaries. Instead, he found profound beauty in the prosaic reality of the Parisian working class. The composition features a robust young maid pausing in her task of cleaning turnips, her rosy cheeks hinting at a healthy, rustic vitality. Chardin employs a subdued, earthy palette and thick, meticulous impasto, emphasizing the varied textures of the copper pot, the earthenware pitcher, and the crisp apron. However, the painting’s deeper significance lies in the maid’s subtle distraction. While her hands hold the knife and vegetable, her gaze drifts away into an unknowable reverie. This psychological nuance transcends simple genre painting; it subtly challenges the rigid social hierarchy of the eighteenth century. By granting a laborer an inner life—capturing the exact aesthetic breach where physical toil meets mental emancipation—Chardin elevates the mundane to the monumental. Her absent concentration suggests a fleeting moment of subjective freedom, quietly subverting the dominant order by proving that even subjugated workers possess the profound capacity for independent thought and quiet rebellion.","There is a quiet, radical rebellion hiding within the distracted gaze of this young maid. Would you like to uncover the profound social commentary concealed beneath this simple domestic chore?","References: Jeu de Paume
Website Link: https://jeudepaume.org/en/palm/woman-distracted-by-jacques-ranciere/#:~:text=At%20the%20Salon%20of%201739,from%20what%20they%20are%20doing

Chasing Art
Website Link: https://chasingart.ca/2017/11/02/celebrating-the-ordinary-jean-baptiste-simeon-chardin/"
Romanticism,The Raft of Medusa,Théodore Géricault,c. 1818–1819,Oil on Canvas,"Painted between 1818 and 1819, Théodore Géricault’s ""The Raft of the Medusa"" is a monumental oil on canvas that serves as the foundational masterpiece of French Romanticism.","The title of this painting is The Raft of Medusa. The artist who created this artwork is Théodore Géricault. This painting belongs to the Romanticism movement and era. The medium of this artwork is Oil on Canvas. The subject of the painting features men who are survivors on a raft. Painted between 1818 and 1819, Théodore Géricault’s ""The Raft of the Medusa"" is a monumental oil on canvas that serves as the foundational masterpiece of French Romanticism. During its creation, Géricault was deeply obsessed with authenticity, reportedly shaving his head to avoid social distractions and studying severed limbs and cadavers at the Beaujon Hospital to capture the precise pallor of death. The composition is structured around two intersecting pyramids: one depicting the stagnant despair of the dying and another culminating in a desperate peak of hope as survivors signal the distant brig, Argus. This arrangement creates a powerful diagonal tension, drawing the eye from the bottom-left corpses toward the upper-right figure of an African sailor, Jean Charles, whose position at the apex reflects Géricault’s burgeoning abolitionist sympathies. Technically, the work employs dramatic chiaroscuro and a muted, somber palette to emphasize the gruesome reality of the 1816 shipwreck of the Méduse, a tragedy caused by the incompetence of a politically appointed captain. Beyond the immediate horror, the painting functions as a scathing indictment of the Bourbon Restoration’s corruption and a universal allegory of human endurance against indifferent nature. By elevating a contemporary news event to the scale of history painting, Géricault challenged Neoclassical norms, introducing a raw, emotive visceralism that redefined nineteenth-century European art.",Géricault’s obsession with the truth led him to keep actual human remains in his studio to perfect the gruesome colors of the dying. Would you like to uncover how these macabre studies helped him weave a hidden political protest into this scene of survival?,"Art in Context
Website Link: https://artincontext.org/the-raft-of-the-medusa-theodore-gericault/"
Romanticism,Liberty Leading the People,Eugéne Delacroix,1830,Oil on Canvas,"Eugène Delacroix painted Liberty Leading the People in the autumn of 1830, capturing the raw fervor of the July Revolution that toppled King Charles X of France.","The title of this painting is Liberty Leading the People. The artist who created this artwork is Eugéne Delacroix. This painting belongs to the Romanticism movement and era. The medium of this artwork is Oil on Canvas. The subject of the painting features a woman representing Liberty, alongside a boy and men. Eugène Delacroix painted Liberty Leading the People in the autumn of 1830, capturing the raw fervor of the July Revolution that toppled King Charles X of France. Created in the medium of oil on canvas, this monumental work emerged during a period of personal conviction for Delacroix. Though he did not actively fight at the barricades, he felt a patriotic obligation to his country, writing to his brother that if he could not fight for his nation, he would at least paint for it. The masterpiece perfectly exemplifies French Romanticism through its highly dynamic brushwork, dramatic chiaroscuro, and intense emotional resonance. Delacroix masterfully employs a classical pyramidal composition, with the allegorical figure of Liberty positioned at the soaring apex. She strides triumphantly over fallen bodies, merging classical idealism with brutal contemporary realism. The figures surrounding her represent a deliberate cross section of Parisian society, from the top hatted bourgeois gentleman to the young, pistol wielding street urchin, symbolizing a unified populace. Deeper symbolism saturates the canvas. Liberty wears the red Phrygian cap of the freed slave, an enduring emblem of emancipation. In one hand, she raises the tricolor flag, resurrecting suppressed ideals of the 1789 revolution, while clutching a modern musket in the other. In the distant background, the towers of Notre Dame anchor the chaotic scene firmly within Paris.","Beyond the triumphant march and rising smoke lies an intricate web of political symbols, forgotten artifacts, and complex class dynamics. Shall we examine the hidden meaning behind the specific figures in this crowd?","References: Britannica
Website Link: https://www.britannica.com/topic/Liberty-Leading-the-People

EBSCO
Website Link: https://www.ebsco.com/research-starters/visual-arts/liberty-leading-people-delacroix"
